team.id,jerseyNumber,id,fullName,link,position.code,position.name,position.type
1,45,8473541,Jonathan Bernier,/api/v1/people/8473541,G,Goalie,Goalie
1,6,8478507,John Marino,/api/v1/people/8478507,D,Defenseman,Defenseman
1,14,8479414,Nathan Bastian,/api/v1/people/8479414,R,Right Wing,Forward
1,12,8481740,Tyce Thompson,/api/v1/people/8481740,R,Right Wing,Forward
1,2,8474090,Brendan Smith,/api/v1/people/8474090,D,Defenseman,Defenseman
1,90,8475193,Tomas Tatar,/api/v1/people/8475193,L,Left Wing,Forward
1,56,8475287,Erik Haula,/api/v1/people/8475287,L,Left Wing,Forward
1,18,8476292,Ondrej Palat,/api/v1/people/8476292,L,Left Wing,Forward
1,7,8476462,Dougie Hamilton,/api/v1/people/8476462,D,Defenseman,Defenseman
1,28,8476923,Damon Severson,/api/v1/people/8476923,D,Defenseman,Defenseman
1,44,8477425,Miles Wood,/api/v1/people/8477425,L,Left Wing,Forward
1,33,8477435,Ryan Graves,/api/v1/people/8477435,D,Defenseman,Defenseman
1,41,8477970,Vitek Vanecek,/api/v1/people/8477970,G,Goalie,Goalie
1,71,8478399,Jonas Siegenthaler,/api/v1/people/8478399,D,Defenseman,Defenseman
1,29,8478406,Mackenzie Blackwood,/api/v1/people/8478406,G,Goalie,Goalie
1,63,8479407,Jesper Bratt,/api/v1/people/8479407,L,Left Wing,Forward
1,20,8479415,Michael McLeod,/api/v1/people/8479415,C,Center,Forward
1,13,8480002,Nico Hischier,/api/v1/people/8480002,C,Center,Forward
1,70,8480003,Jesper Boqvist,/api/v1/people/8480003,C,Center,Forward
1,49,8480188,Fabian Zetterlund,/api/v1/people/8480188,L,Left Wing,Forward
1,88,8480860,Kevin Bahl,/api/v1/people/8480860,D,Defenseman,Defenseman
1,17,8481068,Yegor Sharangovich,/api/v1/people/8481068,C,Center,Forward
1,82,8481537,Nikita Okhotiuk,/api/v1/people/8481537,D,Defenseman,Defenseman
1,86,8481559,Jack Hughes,/api/v1/people/8481559,C,Center,Forward
1,91,8482110,Dawson Mercer,/api/v1/people/8482110,C,Center,Forward
1,10,8482125,Alexander Holtz,/api/v1/people/8482125,R,Right Wing,Forward
2,21,8475151,Kyle Palmieri,/api/v1/people/8475151,C,Center,Forward
2,3,8476917,Adam Pelech,/api/v1/people/8476917,D,Defenseman,Defenseman
2,26,8480789,Oliver Wahlstrom,/api/v1/people/8480789,R,Right Wing,Forward
2,11,8470610,Zach Parise,/api/v1/people/8470610,L,Left Wing,Forward
2,15,8473504,Cal Clutterbuck,/api/v1/people/8473504,R,Right Wing,Forward
2,40,8473575,Semyon Varlamov,/api/v1/people/8473575,G,Goalie,Goalie
2,12,8474573,Josh Bailey,/api/v1/people/8474573,R,Right Wing,Forward
2,17,8474709,Matt Martin,/api/v1/people/8474709,L,Left Wing,Forward
2,53,8475231,Casey Cizikas,/api/v1/people/8475231,C,Center,Forward
2,27,8475314,Anders Lee,/api/v1/people/8475314,L,Left Wing,Forward
2,29,8475754,Brock Nelson,/api/v1/people/8475754,C,Center,Forward
2,44,8476419,Jean-Gabriel Pageau,/api/v1/people/8476419,C,Center,Forward
2,24,8476429,Scott Mayfield,/api/v1/people/8476429,D,Defenseman,Defenseman
2,20,8477392,Hudson Fasching,/api/v1/people/8477392,R,Right Wing,Forward
2,6,8477506,Ryan Pulock,/api/v1/people/8477506,D,Defenseman,Defenseman
2,32,8477527,Ross Johnston,/api/v1/people/8477527,L,Left Wing,Forward
2,30,8478009,Ilya Sorokin,/api/v1/people/8478009,G,Goalie,Goalie
2,13,8478445,Mathew Barzal,/api/v1/people/8478445,C,Center,Forward
2,38,8478450,Parker Wotherspoon,/api/v1/people/8478450,D,Defenseman,Defenseman
2,18,8478463,Anthony Beauvillier,/api/v1/people/8478463,L,Left Wing,Forward
2,25,8480222,Sebastian Aho,/api/v1/people/8480222,D,Defenseman,Defenseman
2,8,8480865,Noah Dobson,/api/v1/people/8480865,D,Defenseman,Defenseman
2,28,8481014,Alexander Romanov,/api/v1/people/8481014,D,Defenseman,Defenseman
2,10,8481601,Simon Holmstrom,/api/v1/people/8481601,R,Right Wing,Forward
3,41,8470860,Jaroslav Halak,/api/v1/people/8470860,G,Goalie,Goalie
3,20,8475184,Chris Kreider,/api/v1/people/8475184,L,Left Wing,Forward
3,16,8476389,Vincent Trocheck,/api/v1/people/8476389,C,Center,Forward
3,93,8476459,Mika Zibanejad,/api/v1/people/8476459,C,Center,Forward
3,21,8476624,Barclay Goodrow,/api/v1/people/8476624,C,Center,Forward
3,8,8476885,Jacob Trouba,/api/v1/people/8476885,D,Defenseman,Defenseman
3,26,8476918,Jimmy Vesey,/api/v1/people/8476918,L,Left Wing,Forward
3,76,8477380,Jonny Brodzinski,/api/v1/people/8477380,C,Center,Forward
3,5,8477433,Ben Harpur,/api/v1/people/8477433,D,Defenseman,Defenseman
3,31,8478048,Igor Shesterkin,/api/v1/people/8478048,G,Goalie,Goalie
3,91,8478104,Sammy Blais,/api/v1/people/8478104,L,Left Wing,Forward
3,10,8478550,Artemi Panarin,/api/v1/people/8478550,L,Left Wing,Forward
3,23,8479323,Adam Fox,/api/v1/people/8479323,D,Defenseman,Defenseman
3,55,8479324,Ryan Lindgren,/api/v1/people/8479324,D,Defenseman,Defenseman
3,12,8479328,Julien Gauthier,/api/v1/people/8479328,R,Right Wing,Forward
3,25,8479333,Libor Hajek,/api/v1/people/8479333,D,Defenseman,Defenseman
3,15,8479991,Jake Leschyshyn,/api/v1/people/8479991,C,Center,Forward
3,72,8480078,Filip Chytil,/api/v1/people/8480078,C,Center,Forward
3,79,8480817,K'Andre Miller,/api/v1/people/8480817,D,Defenseman,Defenseman
3,74,8480833,Vitali Kravtsov,/api/v1/people/8480833,R,Right Wing,Forward
3,24,8481554,Kaapo Kakko,/api/v1/people/8481554,R,Right Wing,Forward
3,4,8482073,Braden Schneider,/api/v1/people/8482073,D,Defenseman,Defenseman
3,13,8482109,Alexis Lafrenière,/api/v1/people/8482109,L,Left Wing,Forward
4,89,8474715,Cam Atkinson,/api/v1/people/8474715,R,Right Wing,Forward
4,94,8475176,Ryan Ellis,/api/v1/people/8475176,D,Defenseman,Defenseman
4,14,8476461,Sean Couturier,/api/v1/people/8476461,C,Center,Forward
4,58,8479550,Tanner Laczynski,/api/v1/people/8479550,C,Center,Forward
4,61,8474027,Justin Braun,/api/v1/people/8474027,D,Defenseman,Defenseman
4,25,8474037,James van Riemsdyk,/api/v1/people/8474037,L,Left Wing,Forward
4,44,8475235,Nicolas Deslauriers,/api/v1/people/8475235,L,Left Wing,Forward
4,13,8475763,Kevin Hayes,/api/v1/people/8475763,C,Center,Forward
4,24,8476372,Nick Seeler,/api/v1/people/8476372,D,Defenseman,Defenseman
4,21,8476872,Scott Laughton,/api/v1/people/8476872,C,Center,Forward
4,55,8477499,Rasmus Ristolainen,/api/v1/people/8477499,D,Defenseman,Defenseman
4,38,8477887,Patrick Brown,/api/v1/people/8477887,C,Center,Forward
4,6,8477948,Travis Sanheim,/api/v1/people/8477948,D,Defenseman,Defenseman
4,77,8477950,Tony DeAngelo,/api/v1/people/8477950,D,Defenseman,Defenseman
4,32,8478433,Felix Sandstrom,/api/v1/people/8478433,G,Goalie,Goalie
4,11,8478439,Travis Konecny,/api/v1/people/8478439,R,Right Wing,Forward
4,9,8478500,Ivan Provorov,/api/v1/people/8478500,D,Defenseman,Defenseman
4,57,8479322,Wade Allison,/api/v1/people/8479322,R,Right Wing,Forward
4,20,8479356,Kieffer Bellows,/api/v1/people/8479356,L,Left Wing,Forward
4,79,8479394,Carter Hart,/api/v1/people/8479394,G,Goalie,Goalie
4,17,8479772,Zack MacEwen,/api/v1/people/8479772,C,Center,Forward
4,74,8480015,Owen Tippett,/api/v1/people/8480015,R,Right Wing,Forward
4,48,8480028,Morgan Frost,/api/v1/people/8480028,C,Center,Forward
4,49,8480220,Noah Cates,/api/v1/people/8480220,L,Left Wing,Forward
4,86,8480797,Joel Farabee,/api/v1/people/8480797,L,Left Wing,Forward
4,33,8481035,Samuel Ersson,/api/v1/people/8481035,G,Goalie,Goalie
4,45,8481546,Cam York,/api/v1/people/8481546,D,Defenseman,Defenseman
5,26,8473507,Jeff Petry,/api/v1/people/8473507,D,Defenseman,Defenseman
5,15,8476326,Josh Archibald,/api/v1/people/8476326,R,Right Wing,Forward
5,35,8477465,Tristan Jarry,/api/v1/people/8477465,G,Goalie,Goalie
5,25,8480068,Ryan Poehling,/api/v1/people/8480068,C,Center,Forward
5,77,8470604,Jeff Carter,/api/v1/people/8470604,C,Center,Forward
5,71,8471215,Evgeni Malkin,/api/v1/people/8471215,C,Center,Forward
5,87,8471675,Sidney Crosby,/api/v1/people/8471675,C,Center,Forward
5,40,8474682,Dustin Tokarski,/api/v1/people/8474682,G,Goalie,Goalie
5,8,8475208,Brian Dumoulin,/api/v1/people/8475208,D,Defenseman,Defenseman
5,16,8475722,Jason Zucker,/api/v1/people/8475722,L,Left Wing,Forward
5,17,8475810,Bryan Rust,/api/v1/people/8475810,R,Right Wing,Forward
5,4,8476166,Taylor Fedun,/api/v1/people/8476166,D,Defenseman,Defenseman
5,67,8476483,Rickard Rakell,/api/v1/people/8476483,R,Right Wing,Forward
5,53,8476927,Teddy Blueger,/api/v1/people/8476927,C,Center,Forward
5,23,8476934,Brock McGinn,/api/v1/people/8476934,L,Left Wing,Forward
5,2,8477244,Chad Ruhwedel,/api/v1/people/8477244,D,Defenseman,Defenseman
5,59,8477404,Jake Guentzel,/api/v1/people/8477404,L,Left Wing,Forward
5,42,8477953,Kasperi Kapanen,/api/v1/people/8477953,R,Right Wing,Forward
5,28,8477969,Marcus Pettersson,/api/v1/people/8477969,D,Defenseman,Defenseman
5,43,8478046,Danton Heinen,/api/v1/people/8478046,L,Left Wing,Forward
5,1,8479193,Casey DeSmith,/api/v1/people/8479193,G,Goalie,Goalie
5,73,8480058,Pierre-Olivier Joseph,/api/v1/people/8480058,D,Defenseman,Defenseman
5,44,8480172,Jan Rutta,/api/v1/people/8480172,D,Defenseman,Defenseman
5,24,8480883,Ty Smith,/api/v1/people/8480883,D,Defenseman,Defenseman
5,10,8482055,Drew O'Connor,/api/v1/people/8482055,L,Left Wing,Forward
6,74,8478498,Jake DeBrusk,/api/v1/people/8478498,L,Left Wing,Forward
6,86,8471873,Anton Stralman,/api/v1/people/8471873,D,Defenseman,Defenseman
6,37,8470638,Patrice Bergeron,/api/v1/people/8470638,C,Center,Forward
6,46,8471276,David Krejci,/api/v1/people/8471276,C,Center,Forward
6,63,8473419,Brad Marchand,/api/v1/people/8473419,L,Left Wing,Forward
6,17,8473422,Nick Foligno,/api/v1/people/8473422,L,Left Wing,Forward
6,12,8475225,Craig Smith,/api/v1/people/8475225,C,Center,Forward
6,13,8475745,Charlie Coyle,/api/v1/people/8475745,C,Center,Forward
6,28,8475762,Derek Forbort,/api/v1/people/8475762,D,Defenseman,Defenseman
6,71,8475791,Taylor Hall,/api/v1/people/8475791,L,Left Wing,Forward
6,27,8476854,Hampus Lindholm,/api/v1/people/8476854,D,Defenseman,Defenseman
6,48,8476891,Matt Grzelcyk,/api/v1/people/8476891,D,Defenseman,Defenseman
6,35,8476999,Linus Ullmark,/api/v1/people/8476999,G,Goalie,Goalie
6,75,8477365,Connor Clifton,/api/v1/people/8477365,D,Defenseman,Defenseman
6,92,8477931,Tomas Nosek,/api/v1/people/8477931,L,Left Wing,Forward
6,88,8477956,David Pastrnak,/api/v1/people/8477956,R,Right Wing,Forward
6,18,8478401,Pavel Zacha,/api/v1/people/8478401,C,Center,Forward
6,67,8478415,Jakub Zboril,/api/v1/people/8478415,D,Defenseman,Defenseman
6,10,8478421,A.J. Greer,/api/v1/people/8478421,L,Left Wing,Forward
6,25,8478443,Brandon Carlo,/api/v1/people/8478443,D,Defenseman,Defenseman
6,73,8479325,Charlie McAvoy,/api/v1/people/8479325,D,Defenseman,Defenseman
6,11,8479365,Trent Frederic,/api/v1/people/8479365,C,Center,Forward
6,45,8479533,Joona Koppanen,/api/v1/people/8479533,L,Left Wing,Forward
6,1,8480280,Jeremy Swayman,/api/v1/people/8480280,G,Goalie,Goalie
7,41,8467950,Craig Anderson,/api/v1/people/8467950,G,Goalie,Goalie
7,21,8473449,Kyle Okposo,/api/v1/people/8473449,R,Right Wing,Forward
7,53,8475784,Jeff Skinner,/api/v1/people/8475784,L,Left Wing,Forward
7,28,8476878,Zemgus Girgensons,/api/v1/people/8476878,L,Left Wing,Forward
7,29,8476994,Vinnie Hinostroza,/api/v1/people/8476994,C,Center,Forward
7,31,8477480,Eric Comrie,/api/v1/people/8477480,G,Goalie,Goalie
7,89,8477949,Alex Tuch,/api/v1/people/8477949,R,Right Wing,Forward
7,71,8478109,Victor Olofsson,/api/v1/people/8478109,L,Left Wing,Forward
7,74,8479335,Rasmus Asplund,/api/v1/people/8479335,C,Center,Forward
7,38,8479348,Kale Clague,/api/v1/people/8479348,D,Defenseman,Defenseman
7,17,8479370,Tyson Jost,/api/v1/people/8479370,C,Center,Forward
7,72,8479420,Tage Thompson,/api/v1/people/8479420,C,Center,Forward
7,37,8479999,Casey Mittelstadt,/api/v1/people/8479999,C,Center,Forward
7,10,8480035,Henri Jokiharju,/api/v1/people/8480035,D,Defenseman,Defenseman
7,1,8480045,Ukko-Pekka Luukkonen,/api/v1/people/8480045,G,Goalie,Goalie
7,78,8480196,Jacob Bryson,/api/v1/people/8480196,D,Defenseman,Defenseman
7,23,8480807,Mattias Samuelsson,/api/v1/people/8480807,D,Defenseman,Defenseman
7,26,8480839,Rasmus Dahlin,/api/v1/people/8480839,D,Defenseman,Defenseman
7,46,8480950,Ilya Lyubushkin,/api/v1/people/8480950,D,Defenseman,Defenseman
7,19,8481522,Peyton Krebs,/api/v1/people/8481522,C,Center,Forward
7,24,8481528,Dylan Cozens,/api/v1/people/8481528,C,Center,Forward
7,77,8482175,JJ Peterka,/api/v1/people/8482175,R,Right Wing,Forward
7,25,8482671,Owen Power,/api/v1/people/8482671,D,Defenseman,Defenseman
8,11,8475848,Brendan Gallagher,/api/v1/people/8475848,R,Right Wing,Forward
8,8,8476875,Mike Matheson,/api/v1/people/8476875,D,Defenseman,Defenseman
8,91,8477497,Sean Monahan,/api/v1/people/8477497,C,Center,Forward
8,21,8482087,Kaiden Guhle,/api/v1/people/8482087,D,Defenseman,Defenseman
8,63,8474149,Evgenii Dadonov,/api/v1/people/8474149,R,Right Wing,Forward
8,34,8474596,Jake Allen,/api/v1/people/8474596,G,Goalie,Goalie
8,68,8474884,Mike Hoffman,/api/v1/people/8474884,L,Left Wing,Forward
8,6,8475227,Chris Wideman,/api/v1/people/8475227,D,Defenseman,Defenseman
8,58,8475233,David Savard,/api/v1/people/8475233,D,Defenseman,Defenseman
8,44,8476441,Joel Edmundson,/api/v1/people/8476441,D,Defenseman,Defenseman
8,40,8476469,Joel Armia,/api/v1/people/8476469,R,Right Wing,Forward
8,17,8476981,Josh Anderson,/api/v1/people/8476981,R,Right Wing,Forward
8,27,8477494,Jonathan Drouin,/api/v1/people/8477494,L,Left Wing,Forward
8,28,8477989,Christian Dvorak,/api/v1/people/8477989,C,Center,Forward
8,71,8478133,Jake Evans,/api/v1/people/8478133,C,Center,Forward
8,35,8478470,Sam Montembeault,/api/v1/people/8478470,G,Goalie,Goalie
8,55,8479543,Michael Pezzetta,/api/v1/people/8479543,L,Left Wing,Forward
8,14,8480018,Nick Suzuki,/api/v1/people/8480018,C,Center,Forward
8,30,8480051,Cayden Primeau,/api/v1/people/8480051,G,Goalie,Goalie
8,26,8480192,Johnathan Kovacevic,/api/v1/people/8480192,D,Defenseman,Defenseman
8,54,8480887,Jordan Harris,/api/v1/people/8480887,D,Defenseman,Defenseman
8,56,8481058,Jesse Ylonen,/api/v1/people/8481058,R,Right Wing,Forward
8,77,8481523,Kirby Dach,/api/v1/people/8481523,C,Center,Forward
8,22,8481540,Cole Caufield,/api/v1/people/8481540,R,Right Wing,Forward
8,52,8482111,Justin Barron,/api/v1/people/8482111,D,Defenseman,Defenseman
8,72,8482964,Arber Xhekaj,/api/v1/people/8482964,D,Defenseman,Defenseman
8,20,8483515,Juraj Slafkovsky,/api/v1/people/8483515,L,Left Wing,Forward
9,14,8477353,Tyler Motte,/api/v1/people/8477353,L,Left Wing,Forward
9,67,8478078,Rourke Chartier,/api/v1/people/8478078,C,Center,Forward
9,21,8478472,Mathieu Joseph,/api/v1/people/8478472,R,Right Wing,Forward
9,22,8479458,Nikita Zaitsev,/api/v1/people/8479458,D,Defenseman,Defenseman
9,9,8480064,Josh Norris,/api/v1/people/8480064,C,Center,Forward
9,28,8473512,Claude Giroux,/api/v1/people/8473512,R,Right Wing,Forward
9,61,8473544,Derick Brassard,/api/v1/people/8473544,C,Center,Forward
9,5,8474207,Nick Holden,/api/v1/people/8474207,D,Defenseman,Defenseman
9,23,8474612,Travis Hamonic,/api/v1/people/8474612,D,Defenseman,Defenseman
9,33,8475660,Cam Talbot,/api/v1/people/8475660,G,Goalie,Goalie
9,16,8475766,Austin Watson,/api/v1/people/8475766,L,Left Wing,Forward
9,31,8476341,Anton Forsberg,/api/v1/people/8476341,G,Goalie,Goalie
9,72,8478469,Thomas Chabot,/api/v1/people/8478469,D,Defenseman,Defenseman
9,12,8479337,Alex DeBrincat,/api/v1/people/8479337,R,Right Wing,Forward
9,27,8479580,Dylan Gambrell,/api/v1/people/8479580,C,Center,Forward
9,26,8480073,Erik Brannstrom,/api/v1/people/8480073,D,Defenseman,Defenseman
9,19,8480208,Drake Batherson,/api/v1/people/8480208,R,Right Wing,Forward
9,47,8480355,Mark Kastelic,/api/v1/people/8480355,C,Center,Forward
9,45,8480448,Parker Kelly,/api/v1/people/8480448,L,Left Wing,Forward
9,7,8480801,Brady Tkachuk,/api/v1/people/8480801,L,Left Wing,Forward
9,36,8481422,Jacob Lucchini,/api/v1/people/8481422,C,Center,Forward
9,57,8481596,Shane Pinto,/api/v1/people/8481596,C,Center,Forward
9,85,8482105,Jake Sanderson,/api/v1/people/8482105,D,Defenseman,Defenseman
9,18,8482116,Tim Stützle,/api/v1/people/8482116,L,Left Wing,Forward
9,2,8482245,Artem Zub,/api/v1/people/8482245,D,Defenseman,Defenseman
10,8,8474162,Jake Muzzin,/api/v1/people/8474162,D,Defenseman,Defenseman
10,78,8474673,TJ Brodie,/api/v1/people/8474673,D,Defenseman,Defenseman
10,98,8479376,Victor Mete,/api/v1/people/8479376,D,Defenseman,Defenseman
10,89,8481582,Nicholas Robertson,/api/v1/people/8481582,L,Left Wing,Forward
10,48,8477472,Carl Dahlstrom,/api/v1/people/8477472,D,Defenseman,Defenseman
10,55,8470966,Mark Giordano,/api/v1/people/8470966,D,Defenseman,Defenseman
10,24,8474190,Wayne Simmonds,/api/v1/people/8474190,R,Right Wing,Forward
10,18,8474818,Jordie Benn,/api/v1/people/8474818,D,Defenseman,Defenseman
10,91,8475166,John Tavares,/api/v1/people/8475166,C,Center,Forward
10,19,8475714,Calle Jarnkrok,/api/v1/people/8475714,C,Center,Forward
10,3,8475718,Justin Holl,/api/v1/people/8475718,D,Defenseman,Defenseman
10,44,8476853,Morgan Rielly,/api/v1/people/8476853,D,Defenseman,Defenseman
10,30,8476899,Matt Murray,/api/v1/people/8476899,G,Goalie,Goalie
10,15,8477021,Alexander Kerfoot,/api/v1/people/8477021,C,Center,Forward
10,88,8477939,William Nylander,/api/v1/people/8477939,R,Right Wing,Forward
10,58,8478047,Michael Bunting,/api/v1/people/8478047,L,Left Wing,Forward
10,47,8478115,Pierre Engvall,/api/v1/people/8478115,L,Left Wing,Forward
10,20,8478211,Dryden Hunt,/api/v1/people/8478211,L,Left Wing,Forward
10,16,8478483,Mitchell Marner,/api/v1/people/8478483,R,Right Wing,Forward
10,35,8478492,Ilya Samsonov,/api/v1/people/8478492,G,Goalie,Goalie
10,34,8479318,Auston Matthews,/api/v1/people/8479318,C,Center,Forward
10,12,8479944,Zach Aston-Reese,/api/v1/people/8479944,C,Center,Forward
10,25,8479982,Conor Timmins,/api/v1/people/8479982,D,Defenseman,Defenseman
10,37,8480043,Timothy Liljegren,/api/v1/people/8480043,D,Defenseman,Defenseman
10,64,8480144,David Kampf,/api/v1/people/8480144,C,Center,Forward
10,38,8480873,Rasmus Sandin,/api/v1/people/8480873,D,Defenseman,Defenseman
10,29,8480995,Pontus Holmberg,/api/v1/people/8480995,R,Right Wing,Forward
10,74,8482259,Bobby McMann,/api/v1/people/8482259,C,Center,Forward
12,73,8478131,Ondrej Kase,/api/v1/people/8478131,R,Right Wing,Forward
12,8,8470613,Brent Burns,/api/v1/people/8470613,D,Defenseman,Defenseman
12,26,8471669,Paul Stastny,/api/v1/people/8471669,C,Center,Forward
12,11,8473533,Jordan Staal,/api/v1/people/8473533,C,Center,Forward
12,67,8474157,Max Pacioretty,/api/v1/people/8474157,L,Left Wing,Forward
12,21,8474613,Derek Stepan,/api/v1/people/8474613,C,Center,Forward
12,44,8475177,Calvin de Haan,/api/v1/people/8475177,D,Defenseman,Defenseman
12,71,8475855,Jesper Fast,/api/v1/people/8475855,R,Right Wing,Forward
12,31,8475883,Frederik Andersen,/api/v1/people/8475883,G,Goalie,Goalie
12,23,8476474,Stefan Noesen,/api/v1/people/8476474,R,Right Wing,Forward
12,76,8476869,Brady Skjei,/api/v1/people/8476869,D,Defenseman,Defenseman
12,86,8476882,Teuvo Teravainen,/api/v1/people/8476882,L,Left Wing,Forward
12,48,8476921,Jordan Martinook,/api/v1/people/8476921,L,Left Wing,Forward
12,74,8476958,Jaccob Slavin,/api/v1/people/8476958,D,Defenseman,Defenseman
12,32,8477293,Antti Raanta,/api/v1/people/8477293,G,Goalie,Goalie
12,22,8477488,Brett Pesce,/api/v1/people/8477488,D,Defenseman,Defenseman
12,20,8478427,Sebastian Aho,/api/v1/people/8478427,C,Center,Forward
12,5,8478970,Jalen Chatfield,/api/v1/people/8478970,D,Defenseman,Defenseman
12,15,8479639,Dylan Coghlan,/api/v1/people/8479639,D,Defenseman,Defenseman
12,88,8480039,Martin Necas,/api/v1/people/8480039,C,Center,Forward
12,82,8480829,Jesperi Kotkaniemi,/api/v1/people/8480829,C,Center,Forward
12,37,8480830,Andrei Svechnikov,/api/v1/people/8480830,R,Right Wing,Forward
12,52,8481611,Pyotr Kochetkov,/api/v1/people/8481611,G,Goalie,Goalie
12,24,8482093,Seth Jarvis,/api/v1/people/8482093,C,Center,Forward
13,70,8471887,Patric Hornqvist,/api/v1/people/8471887,R,Right Wing,Forward
13,30,8481519,Spencer Knight,/api/v1/people/8481519,G,Goalie,Goalie
13,12,8470595,Eric Staal,/api/v1/people/8470595,C,Center,Forward
13,18,8471686,Marc Staal,/api/v1/people/8471686,D,Defenseman,Defenseman
13,22,8474610,Zac Dalpe,/api/v1/people/8474610,C,Center,Forward
13,7,8475462,Radko Gudas,/api/v1/people/8475462,D,Defenseman,Defenseman
13,72,8475683,Sergei Bobrovsky,/api/v1/people/8475683,G,Goalie,Goalie
13,21,8476393,Nick Cousins,/api/v1/people/8476393,C,Center,Forward
13,71,8476919,Chris Tierney,/api/v1/people/8476919,C,Center,Forward
13,23,8477409,Carter Verhaeghe,/api/v1/people/8477409,C,Center,Forward
13,16,8477493,Aleksander Barkov,/api/v1/people/8477493,C,Center,Forward
13,5,8477932,Aaron Ekblad,/api/v1/people/8477932,D,Defenseman,Defenseman
13,13,8477933,Sam Reinhart,/api/v1/people/8477933,C,Center,Forward
13,9,8477935,Sam Bennett,/api/v1/people/8477935,C,Center,Forward
13,62,8477986,Brandon Montour,/api/v1/people/8477986,D,Defenseman,Defenseman
13,42,8478055,Gustav Forsling,/api/v1/people/8478055,D,Defenseman,Defenseman
13,6,8478400,Colin White,/api/v1/people/8478400,C,Center,Forward
13,94,8479066,Ryan Lomberg,/api/v1/people/8479066,L,Left Wing,Forward
13,34,8479312,Alex Lyon,/api/v1/people/8479312,G,Goalie,Goalie
13,19,8479314,Matthew Tkachuk,/api/v1/people/8479314,L,Left Wing,Forward
13,28,8479372,Josh Mahura,/api/v1/people/8479372,D,Defenseman,Defenseman
13,54,8479379,Givani Smith,/api/v1/people/8479379,R,Right Wing,Forward
13,4,8479578,Casey Fitzgerald,/api/v1/people/8479578,D,Defenseman,Defenseman
13,27,8480185,Eetu Luostarinen,/api/v1/people/8480185,C,Center,Forward
13,15,8482113,Anton Lundell,/api/v1/people/8482113,C,Center,Forward
14,22,8478870,Rudolfs Balcers,/api/v1/people/8478870,L,Left Wing,Forward
14,10,8470621,Corey Perry,/api/v1/people/8470621,R,Right Wing,Forward
14,1,8470880,Brian Elliott,/api/v1/people/8470880,G,Goalie,Goalie
14,17,8473986,Alex Killorn,/api/v1/people/8473986,L,Left Wing,Forward
14,28,8474013,Ian Cole,/api/v1/people/8474013,D,Defenseman,Defenseman
14,14,8474034,Pat Maroon,/api/v1/people/8474034,L,Left Wing,Forward
14,91,8474564,Steven Stamkos,/api/v1/people/8474564,C,Center,Forward
14,24,8474567,Zach Bogosian,/api/v1/people/8474567,D,Defenseman,Defenseman
14,77,8475167,Victor Hedman,/api/v1/people/8475167,D,Defenseman,Defenseman
14,86,8476453,Nikita Kucherov,/api/v1/people/8476453,R,Right Wing,Forward
14,90,8476480,Vladislav Namestnikov,/api/v1/people/8476480,C,Center,Forward
14,88,8476883,Andrei Vasilevskiy,/api/v1/people/8476883,G,Goalie,Goalie
14,20,8477426,Nicholas Paul,/api/v1/people/8477426,L,Left Wing,Forward
14,41,8477930,Pierre-Edouard Bellemare,/api/v1/people/8477930,L,Left Wing,Forward
14,7,8477938,Haydn Fleury,/api/v1/people/8477938,D,Defenseman,Defenseman
14,21,8478010,Brayden Point,/api/v1/people/8478010,C,Center,Forward
14,81,8478416,Erik Cernak,/api/v1/people/8478416,D,Defenseman,Defenseman
14,71,8478519,Anthony Cirelli,/api/v1/people/8478519,C,Center,Forward
14,98,8479410,Mikhail Sergachev,/api/v1/people/8479410,D,Defenseman,Defenseman
14,79,8479525,Ross Colton,/api/v1/people/8479525,C,Center,Forward
14,38,8479542,Brandon Hagel,/api/v1/people/8479542,L,Left Wing,Forward
14,52,8479984,Cal Foote,/api/v1/people/8479984,D,Defenseman,Defenseman
14,48,8480246,Nick Perbix,/api/v1/people/8480246,D,Defenseman,Defenseman
15,62,8474176,Carl Hagelin,/api/v1/people/8474176,L,Left Wing,Forward
15,74,8474590,John Carlson,/api/v1/people/8474590,D,Defenseman,Defenseman
15,28,8477015,Connor Brown,/api/v1/people/8477015,R,Right Wing,Forward
15,8,8471214,Alex Ovechkin,/api/v1/people/8471214,L,Left Wing,Forward
15,77,8471698,T.J. Oshie,/api/v1/people/8471698,R,Right Wing,Forward
15,19,8473563,Nicklas Backstrom,/api/v1/people/8473563,C,Center,Forward
15,20,8474189,Lars Eller,/api/v1/people/8474189,C,Center,Forward
15,90,8475149,Marcus Johansson,/api/v1/people/8475149,L,Left Wing,Forward
15,9,8475200,Dmitry Orlov,/api/v1/people/8475200,D,Defenseman,Defenseman
15,35,8475311,Darcy Kuemper,/api/v1/people/8475311,G,Goalie,Goalie
15,3,8475324,Nick Jensen,/api/v1/people/8475324,D,Defenseman,Defenseman
15,26,8475343,Nic Dowd,/api/v1/people/8475343,C,Center,Forward
15,52,8475625,Matt Irwin,/api/v1/people/8475625,D,Defenseman,Defenseman
15,92,8475744,Evgeny Kuznetsov,/api/v1/people/8475744,C,Center,Forward
15,43,8476880,Tom Wilson,/api/v1/people/8476880,R,Right Wing,Forward
15,56,8476979,Erik Gustafsson,/api/v1/people/8476979,D,Defenseman,Defenseman
15,39,8477511,Anthony Mantha,/api/v1/people/8477511,R,Right Wing,Forward
15,73,8477839,Conor Sheary,/api/v1/people/8477839,L,Left Wing,Forward
15,57,8477845,Trevor van Riemsdyk,/api/v1/people/8477845,D,Defenseman,Defenseman
15,21,8477903,Garnet Hathaway,/api/v1/people/8477903,R,Right Wing,Forward
15,15,8477947,Sonny Milano,/api/v1/people/8477947,L,Left Wing,Forward
15,96,8477979,Nicolas Aube-Kubel,/api/v1/people/8477979,R,Right Wing,Forward
15,17,8478440,Dylan Strome,/api/v1/people/8478440,C,Center,Forward
15,79,8479292,Charlie Lindgren,/api/v1/people/8479292,G,Goalie,Goalie
15,42,8480796,Martin Fehervary,/api/v1/people/8480796,D,Defenseman,Defenseman
15,27,8480823,Alexander Alexeyev,/api/v1/people/8480823,D,Defenseman,Defenseman
16,88,8474141,Patrick Kane,/api/v1/people/8474141,R,Right Wing,Forward
16,25,8475797,Jarred Tinordi,/api/v1/people/8475797,D,Defenseman,Defenseman
16,16,8476915,Jujhar Khaira,/api/v1/people/8476915,L,Left Wing,Forward
16,8,8471677,Jack Johnson,/api/v1/people/8471677,D,Defenseman,Defenseman
16,32,8471774,Alex Stalock,/api/v1/people/8471774,G,Goalie,Goalie
16,19,8473604,Jonathan Toews,/api/v1/people/8473604,C,Center,Forward
16,90,8474870,Tyler Johnson,/api/v1/people/8474870,C,Center,Forward
16,34,8475852,Petr Mrazek,/api/v1/people/8475852,G,Goalie,Goalie
16,43,8476278,Colin Blackwell,/api/v1/people/8476278,C,Center,Forward
16,5,8476473,Connor Murphy,/api/v1/people/8476473,D,Defenseman,Defenseman
16,6,8476931,Jake McCabe,/api/v1/people/8476931,D,Defenseman,Defenseman
16,89,8476960,Andreas Athanasiou,/api/v1/people/8476960,C,Center,Forward
16,17,8477450,Jason Dickinson,/api/v1/people/8477450,C,Center,Forward
16,4,8477495,Seth Jones,/api/v1/people/8477495,D,Defenseman,Defenseman
16,13,8477503,Max Domi,/api/v1/people/8477503,C,Center,Forward
16,24,8478043,Sam Lafferty,/api/v1/people/8478043,C,Center,Forward
16,82,8478452,Caleb Jones,/api/v1/people/8478452,D,Defenseman,Defenseman
16,14,8479383,Boris Katchouk,/api/v1/people/8479383,L,Left Wing,Forward
16,11,8479390,Taylor Raddysh,/api/v1/people/8479390,R,Right Wing,Forward
16,58,8480025,MacKenzie Entwistle,/api/v1/people/8480025,R,Right Wing,Forward
16,51,8480070,Ian Mitchell,/api/v1/people/8480070,D,Defenseman,Defenseman
16,23,8480798,Philipp Kurashev,/api/v1/people/8480798,C,Center,Forward
16,52,8481147,Reese Johnson,/api/v1/people/8481147,C,Center,Forward
16,27,8482117,Lukas Reichel,/api/v1/people/8482117,L,Left Wing,Forward
16,41,8482192,Isaak Phillips,/api/v1/people/8482192,D,Defenseman,Defenseman
16,30,8483530,Jaxson Stauber,/api/v1/people/8483530,G,Goalie,Goalie
17,38,8477462,Robert Hagg,/api/v1/people/8477462,D,Defenseman,Defenseman
17,22,8479644,Matt Luff,/api/v1/people/8479644,R,Right Wing,Forward
17,11,8480821,Filip Zadina,/api/v1/people/8480821,R,Right Wing,Forward
17,57,8474102,David Perron,/api/v1/people/8474102,L,Left Wing,Forward
17,8,8475279,Ben Chiarot,/api/v1/people/8475279,D,Defenseman,Defenseman
17,45,8476433,Magnus Hellberg,/api/v1/people/8476433,G,Goalie,Goalie
17,2,8476874,Olli Maatta,/api/v1/people/8476874,D,Defenseman,Defenseman
17,70,8476897,Oskar Sundqvist,/api/v1/people/8476897,C,Center,Forward
17,81,8477330,Dominik Kubalik,/api/v1/people/8477330,L,Left Wing,Forward
17,18,8477429,Andrew Copp,/api/v1/people/8477429,C,Center,Forward
17,73,8477454,Adam Erne,/api/v1/people/8477454,L,Left Wing,Forward
17,59,8477479,Tyler Bertuzzi,/api/v1/people/8477479,L,Left Wing,Forward
17,82,8477851,Jordan Oesterle,/api/v1/people/8477851,D,Defenseman,Defenseman
17,71,8477946,Dylan Larkin,/api/v1/people/8477946,C,Center,Forward
17,14,8477952,Robby Fabbri,/api/v1/people/8477952,C,Center,Forward
17,39,8477968,Alex Nedeljkovic,/api/v1/people/8477968,G,Goalie,Goalie
17,96,8478013,Jake Walman,/api/v1/people/8478013,D,Defenseman,Defenseman
17,35,8478024,Ville Husso,/api/v1/people/8478024,G,Goalie,Goalie
17,17,8479425,Filip Hronek,/api/v1/people/8479425,D,Defenseman,Defenseman
17,27,8479992,Michael Rasmussen,/api/v1/people/8479992,C,Center,Forward
17,28,8480184,Gustav Lindstrom,/api/v1/people/8480184,D,Defenseman,Defenseman
17,24,8480459,Pius Suter,/api/v1/people/8480459,C,Center,Forward
17,90,8480813,Joe Veleno,/api/v1/people/8480813,C,Center,Forward
17,52,8481013,Jonatan Berggren,/api/v1/people/8481013,R,Right Wing,Forward
17,53,8481542,Moritz Seider,/api/v1/people/8481542,D,Defenseman,Defenseman
17,23,8482078,Lucas Raymond,/api/v1/people/8482078,L,Left Wing,Forward
18,90,8474697,Mark Borowiecki,/api/v1/people/8474697,D,Defenseman,Defenseman
18,27,8474151,Ryan McDonagh,/api/v1/people/8474151,D,Defenseman,Defenseman
18,59,8474600,Roman Josi,/api/v1/people/8474600,D,Defenseman,Defenseman
18,95,8475168,Matt Duchene,/api/v1/people/8475168,C,Center,Forward
18,14,8475218,Mattias Ekholm,/api/v1/people/8475218,D,Defenseman,Defenseman
18,92,8475793,Ryan Johansen,/api/v1/people/8475793,C,Center,Forward
18,64,8475798,Mikael Granlund,/api/v1/people/8475798,C,Center,Forward
18,22,8475799,Nino Niederreiter,/api/v1/people/8475799,R,Right Wing,Forward
18,17,8476873,Mark Jankowski,/api/v1/people/8476873,C,Center,Forward
18,9,8476887,Filip Forsberg,/api/v1/people/8476887,L,Left Wing,Forward
18,10,8476925,Colton Sissons,/api/v1/people/8476925,C,Center,Forward
18,74,8477424,Juuse Saros,/api/v1/people/8477424,G,Goalie,Goalie
18,47,8477446,Michael McCarron,/api/v1/people/8477446,R,Right Wing,Forward
18,82,8478438,Tommy Novak,/api/v1/people/8478438,C,Center,Forward
18,3,8478468,Jeremy Lauzon,/api/v1/people/8478468,D,Defenseman,Defenseman
18,13,8478508,Yakov Trenin,/api/v1/people/8478508,C,Center,Forward
18,45,8478851,Alexandre Carrier,/api/v1/people/8478851,D,Defenseman,Defenseman
18,57,8479371,Dante Fabbro,/api/v1/people/8479371,D,Defenseman,Defenseman
18,84,8479661,Tanner Jeannot,/api/v1/people/8479661,L,Left Wing,Forward
18,8,8479996,Cody Glass,/api/v1/people/8479996,C,Center,Forward
18,32,8480947,Kevin Lankinen,/api/v1/people/8480947,G,Goalie,Goalie
18,75,8481704,Juuso Parssinen,/api/v1/people/8481704,C,Center,Forward
18,36,8482062,Cole Smith,/api/v1/people/8482062,L,Left Wing,Forward
19,41,8474145,Robert Bortuzzo,/api/v1/people/8474145,D,Defenseman,Defenseman
19,90,8475158,Ryan O'Reilly,/api/v1/people/8475158,C,Center,Forward
19,91,8475765,Vladimir Tarasenko,/api/v1/people/8475765,R,Right Wing,Forward
19,47,8476792,Torey Krug,/api/v1/people/8476792,D,Defenseman,Defenseman
19,22,8479366,Logan Brown,/api/v1/people/8479366,C,Center,Forward
19,48,8481059,Scott Perunovich,/api/v1/people/8481059,D,Defenseman,Defenseman
19,6,8474618,Marco Scandella,/api/v1/people/8474618,D,Defenseman,Defenseman
19,1,8471306,Thomas Greiss,/api/v1/people/8471306,G,Goalie,Goalie
19,10,8475170,Brayden Schenn,/api/v1/people/8475170,C,Center,Forward
19,4,8475181,Nick Leddy,/api/v1/people/8475181,D,Defenseman,Defenseman
19,9,8475752,Tyler Pitlick,/api/v1/people/8475752,C,Center,Forward
19,72,8475753,Justin Faulk,/api/v1/people/8475753,D,Defenseman,Defenseman
19,17,8476410,Josh Leivo,/api/v1/people/8476410,L,Left Wing,Forward
19,50,8476412,Jordan Binnington,/api/v1/people/8476412,G,Goalie,Goalie
19,20,8476438,Brandon Saad,/api/v1/people/8476438,L,Left Wing,Forward
19,55,8476892,Colton Parayko,/api/v1/people/8476892,D,Defenseman,Defenseman
19,89,8477402,Pavel Buchnevich,/api/v1/people/8477402,L,Left Wing,Forward
19,36,8477463,Steven Santini,/api/v1/people/8477463,D,Defenseman,Defenseman
19,26,8477573,Nathan Walker,/api/v1/people/8477573,L,Left Wing,Forward
19,49,8477964,Ivan Barbashev,/api/v1/people/8477964,C,Center,Forward
19,52,8478569,Noel Acciari,/api/v1/people/8478569,C,Center,Forward
19,77,8478859,Niko Mikkola,/api/v1/people/8478859,D,Defenseman,Defenseman
19,25,8479385,Jordan Kyrou,/api/v1/people/8479385,C,Center,Forward
19,18,8480023,Robert Thomas,/api/v1/people/8480023,C,Center,Forward
19,37,8480041,Dmitri Samorukov,/api/v1/people/8480041,D,Defenseman,Defenseman
19,43,8480157,Calle Rosen,/api/v1/people/8480157,D,Defenseman,Defenseman
19,13,8480281,Alexey Toropchenko,/api/v1/people/8480281,R,Right Wing,Forward
19,75,8481006,Tyler Tucker,/api/v1/people/8481006,D,Defenseman,Defenseman
19,59,8481543,Nikita Alexandrov,/api/v1/people/8481543,C,Center,Forward
19,63,8482089,Jake Neighbours,/api/v1/people/8482089,L,Left Wing,Forward
20,24,8476439,Brett Ritchie,/api/v1/people/8476439,R,Right Wing,Forward
20,22,8473453,Trevor Lewis,/api/v1/people/8473453,C,Center,Forward
20,17,8473473,Milan Lucic,/api/v1/people/8473473,L,Left Wing,Forward
20,11,8474150,Mikael Backlund,/api/v1/people/8474150,C,Center,Forward
20,25,8474593,Jacob Markstrom,/api/v1/people/8474593,G,Goalie,Goalie
20,26,8474628,Michael Stone,/api/v1/people/8474628,D,Defenseman,Defenseman
20,91,8475172,Nazem Kadri,/api/v1/people/8475172,C,Center,Forward
20,8,8475690,Chris Tanev,/api/v1/people/8475690,D,Defenseman,Defenseman
20,73,8475726,Tyler Toffoli,/api/v1/people/8475726,R,Right Wing,Forward
20,20,8476399,Blake Coleman,/api/v1/people/8476399,C,Center,Forward
20,10,8476456,Jonathan Huberdeau,/api/v1/people/8476456,C,Center,Forward
20,52,8477346,MacKenzie Weegar,/api/v1/people/8477346,D,Defenseman,Defenseman
20,28,8477496,Elias Lindholm,/api/v1/people/8477496,C,Center,Forward
20,16,8477507,Nikita Zadorov,/api/v1/people/8477507,D,Defenseman,Defenseman
20,88,8478233,Andrew Mangiapane,/api/v1/people/8478233,L,Left Wing,Forward
20,55,8478396,Noah Hanifin,/api/v1/people/8478396,D,Defenseman,Defenseman
20,4,8478397,Rasmus Andersson,/api/v1/people/8478397,D,Defenseman,Defenseman
20,80,8478435,Dan Vladar,/api/v1/people/8478435,G,Goalie,Goalie
20,29,8479346,Dillon Dube,/api/v1/people/8479346,C,Center,Forward
20,63,8480008,Adam Ruzicka,/api/v1/people/8480008,C,Center,Forward
20,49,8481592,Jakob Pelletier,/api/v1/people/8481592,L,Left Wing,Forward
20,3,8482067,Connor Mackey,/api/v1/people/8482067,D,Defenseman,Defenseman
20,67,8482241,Radim Zohorna,/api/v1/people/8482241,L,Left Wing,Forward
20,71,8482652,Walker Duehr,/api/v1/people/8482652,R,Right Wing,Forward
21,42,8476312,Josh Manson,/api/v1/people/8476312,D,Defenseman,Defenseman
21,4,8481524,Bowen Byram,/api/v1/people/8481524,D,Defenseman,Defenseman
21,54,8476948,Charles Hudon,/api/v1/people/8476948,L,Left Wing,Forward
21,75,8480846,Sampo Ranta,/api/v1/people/8480846,L,Left Wing,Forward
21,93,8482147,Jean-Luc Foudy,/api/v1/people/8482147,C,Center,Forward
21,11,8471699,Andrew Cogliano,/api/v1/people/8471699,C,Center,Forward
21,43,8471794,Darren Helm,/api/v1/people/8471794,C,Center,Forward
21,6,8473446,Erik Johnson,/api/v1/people/8473446,D,Defenseman,Defenseman
21,17,8476779,Brad Hunt,/api/v1/people/8476779,D,Defenseman,Defenseman
21,56,8477073,Kurtis MacDermid,/api/v1/people/8477073,D,Defenseman,Defenseman
21,37,8477456,J.T. Compher,/api/v1/people/8477456,L,Left Wing,Forward
21,62,8477476,Artturi Lehkonen,/api/v1/people/8477476,L,Left Wing,Forward
21,29,8477492,Nathan MacKinnon,/api/v1/people/8477492,C,Center,Forward
21,13,8477501,Valeri Nichushkin,/api/v1/people/8477501,R,Right Wing,Forward
21,88,8477971,Andreas Englund,/api/v1/people/8477971,D,Defenseman,Defenseman
21,7,8478038,Devon Toews,/api/v1/people/8478038,D,Defenseman,Defenseman
21,96,8478420,Mikko Rantanen,/api/v1/people/8478420,R,Right Wing,Forward
21,9,8478542,Evan Rodrigues,/api/v1/people/8478542,C,Center,Forward
21,81,8478843,Denis Malgin,/api/v1/people/8478843,C,Center,Forward
21,49,8479398,Samuel Girard,/api/v1/people/8479398,D,Defenseman,Defenseman
21,26,8479439,Jacob MacDonald,/api/v1/people/8479439,D,Defenseman,Defenseman
21,8,8480069,Cale Makar,/api/v1/people/8480069,D,Defenseman,Defenseman
21,40,8480382,Alexandar Georgiev,/api/v1/people/8480382,G,Goalie,Goalie
21,61,8480822,Martin Kaut,/api/v1/people/8480822,R,Right Wing,Forward
21,39,8480925,Pavel Francouz,/api/v1/people/8480925,G,Goalie,Goalie
21,25,8481186,Logan O'Connor,/api/v1/people/8481186,R,Right Wing,Forward
21,18,8481618,Alex Newhook,/api/v1/people/8481618,C,Center,Forward
21,59,8483570,Ben Meyers,/api/v1/people/8483570,C,Center,Forward
22,91,8475169,Evander Kane,/api/v1/people/8475169,L,Left Wing,Forward
22,28,8476850,Ryan Murray,/api/v1/people/8476850,D,Defenseman,Defenseman
22,74,8479973,Stuart Skinner,/api/v1/people/8479973,G,Goalie,Goalie
22,22,8475197,Tyson Barrie,/api/v1/people/8475197,D,Defenseman,Defenseman
22,30,8475717,Calvin Pickard,/api/v1/people/8475717,G,Goalie,Goalie
22,18,8475786,Zach Hyman,/api/v1/people/8475786,L,Left Wing,Forward
22,36,8475789,Jack Campbell,/api/v1/people/8475789,G,Goalie,Goalie
22,93,8476454,Ryan Nugent-Hopkins,/api/v1/people/8476454,C,Center,Forward
22,5,8476879,Cody Ceci,/api/v1/people/8476879,D,Defenseman,Defenseman
22,14,8476913,Devin Shore,/api/v1/people/8476913,C,Center,Forward
22,27,8476967,Brett Kulak,/api/v1/people/8476967,D,Defenseman,Defenseman
22,26,8477406,Mattias Janmark,/api/v1/people/8477406,C,Center,Forward
22,25,8477498,Darnell Nurse,/api/v1/people/8477498,D,Defenseman,Defenseman
22,29,8477934,Leon Draisaitl,/api/v1/people/8477934,C,Center,Forward
22,37,8477998,Warren Foegele,/api/v1/people/8477998,L,Left Wing,Forward
22,97,8478402,Connor McDavid,/api/v1/people/8478402,C,Center,Forward
22,10,8478585,Derek Ryan,/api/v1/people/8478585,C,Center,Forward
22,80,8479338,Markus Niemelainen,/api/v1/people/8479338,D,Defenseman,Defenseman
22,13,8479344,Jesse Puljujarvi,/api/v1/people/8479344,R,Right Wing,Forward
22,73,8479576,Vincent Desharnais,/api/v1/people/8479576,D,Defenseman,Defenseman
22,56,8479977,Kailer Yamamoto,/api/v1/people/8479977,R,Right Wing,Forward
22,21,8480011,Klim Kostin,/api/v1/people/8480011,C,Center,Forward
22,71,8480802,Ryan McLeod,/api/v1/people/8480802,C,Center,Forward
22,2,8480803,Evan Bouchard,/api/v1/people/8480803,D,Defenseman,Defenseman
22,86,8481598,Philip Broberg,/api/v1/people/8481598,D,Defenseman,Defenseman
22,55,8482077,Dylan Holloway,/api/v1/people/8482077,L,Left Wing,Forward
23,70,8476871,Tanner Pearson,/api/v1/people/8476871,L,Left Wing,Forward
23,5,8477359,Tucker Poolman,/api/v1/people/8477359,D,Defenseman,Defenseman
23,35,8477967,Thatcher Demko,/api/v1/people/8477967,G,Goalie,Goalie
23,73,8475413,Justin Dowling,/api/v1/people/8475413,C,Center,Forward
23,3,8480056,Jack Rathbone,/api/v1/people/8480056,D,Defenseman,Defenseman
23,92,8481617,Vasily Podkolzin,/api/v1/people/8481617,R,Right Wing,Forward
23,2,8474568,Luke Schenn,/api/v1/people/8474568,D,Defenseman,Defenseman
23,57,8474574,Tyler Myers,/api/v1/people/8474574,D,Defenseman,Defenseman
23,23,8475171,Oliver Ekman-Larsson,/api/v1/people/8475171,D,Defenseman,Defenseman
23,9,8476468,J.T. Miller,/api/v1/people/8476468,C,Center,Forward
23,44,8477335,Kyle Burroughs,/api/v1/people/8477335,D,Defenseman,Defenseman
23,30,8477484,Spencer Martin,/api/v1/people/8477484,G,Goalie,Goalie
23,53,8477500,Bo Horvat,/api/v1/people/8477500,C,Center,Forward
23,20,8477508,Curtis Lazar,/api/v1/people/8477508,C,Center,Forward
23,81,8478057,Dakota Joshua,/api/v1/people/8478057,C,Center,Forward
23,24,8478408,Travis Dermott,/api/v1/people/8478408,D,Defenseman,Defenseman
23,6,8478444,Brock Boeser,/api/v1/people/8478444,R,Right Wing,Forward
23,74,8478451,Ethan Bear,/api/v1/people/8478451,D,Defenseman,Defenseman
23,8,8478856,Conor Garland,/api/v1/people/8478856,R,Right Wing,Forward
23,29,8478967,Lane Pederson,/api/v1/people/8478967,C,Center,Forward
23,7,8479367,William Lockwood,/api/v1/people/8479367,R,Right Wing,Forward
23,61,8479388,Riley Stillman,/api/v1/people/8479388,D,Defenseman,Defenseman
23,40,8480012,Elias Pettersson,/api/v1/people/8480012,C,Center,Forward
23,18,8480021,Jack Studnicka,/api/v1/people/8480021,C,Center,Forward
23,15,8480326,Sheldon Dries,/api/v1/people/8480326,C,Center,Forward
23,60,8480420,Collin Delia,/api/v1/people/8480420,G,Goalie,Goalie
23,43,8480800,Quinn Hughes,/api/v1/people/8480800,D,Defenseman,Defenseman
23,65,8481624,Ilya Mikheyev,/api/v1/people/8481624,R,Right Wing,Forward
23,96,8483808,Andrei Kuzmenko,/api/v1/people/8483808,L,Left Wing,Forward
24,38,8474683,Derek Grant,/api/v1/people/8474683,C,Center,Forward
24,54,8477993,Justin Kirkland,/api/v1/people/8477993,C,Center,Forward
24,21,8480806,Isac Lundestrom,/api/v1/people/8480806,C,Center,Forward
24,6,8482142,Jamie Drysdale,/api/v1/people/8482142,D,Defenseman,Defenseman
24,22,8474031,Kevin Shattenkirk,/api/v1/people/8474031,D,Defenseman,Defenseman
24,14,8474641,Adam Henrique,/api/v1/people/8474641,C,Center,Forward
24,33,8475164,Jakob Silfverberg,/api/v1/people/8475164,R,Right Wing,Forward
24,29,8475179,Dmitry Kulikov,/api/v1/people/8475179,D,Defenseman,Defenseman
24,4,8475764,Cam Fowler,/api/v1/people/8475764,D,Defenseman,Defenseman
24,39,8475842,Sam Carrick,/api/v1/people/8475842,C,Center,Forward
24,3,8475906,John Klingberg,/api/v1/people/8475906,D,Defenseman,Defenseman
24,36,8476434,John Gibson,/api/v1/people/8476434,G,Goalie,Goalie
24,16,8476458,Ryan Strome,/api/v1/people/8476458,C,Center,Forward
24,28,8476470,Nathan Beaulieu,/api/v1/people/8476470,D,Defenseman,Defenseman
24,41,8476932,Anthony Stolarz,/api/v1/people/8476932,G,Goalie,Goalie
24,7,8477126,Jayson Megna,/api/v1/people/8477126,C,Center,Forward
24,77,8478366,Frank Vatrano,/api/v1/people/8478366,R,Right Wing,Forward
24,45,8478841,Colton White,/api/v1/people/8478841,D,Defenseman,Defenseman
24,19,8478873,Troy Terry,/api/v1/people/8478873,R,Right Wing,Forward
24,49,8479368,Max Jones,/api/v1/people/8479368,L,Left Wing,Forward
24,5,8480001,Urho Vaakanainen,/api/v1/people/8480001,D,Defenseman,Defenseman
24,44,8480031,Max Comtois,/api/v1/people/8480031,L,Left Wing,Forward
24,13,8481122,Simon Benoit,/api/v1/people/8481122,D,Defenseman,Defenseman
24,20,8481517,Brett Leason,/api/v1/people/8481517,R,Right Wing,Forward
24,11,8481533,Trevor Zegras,/api/v1/people/8481533,C,Center,Forward
24,37,8482745,Mason McTavish,/api/v1/people/8482745,C,Center,Forward
25,20,8470600,Ryan Suter,/api/v1/people/8470600,D,Defenseman,Defenseman
25,16,8470794,Joe Pavelski,/api/v1/people/8470794,C,Center,Forward
25,14,8473994,Jamie Benn,/api/v1/people/8473994,L,Left Wing,Forward
25,91,8475794,Tyler Seguin,/api/v1/people/8475794,C,Center,Forward
25,41,8475809,Scott Wedgewood,/api/v1/people/8475809,G,Goalie,Goalie
25,2,8475825,Jani Hakanpää,/api/v1/people/8475825,D,Defenseman,Defenseman
25,6,8476525,Colin Miller,/api/v1/people/8476525,D,Defenseman,Defenseman
25,11,8476822,Luke Glendening,/api/v1/people/8476822,C,Center,Forward
25,12,8476889,Radek Faksa,/api/v1/people/8476889,C,Center,Forward
25,23,8476902,Esa Lindell,/api/v1/people/8476902,D,Defenseman,Defenseman
25,44,8477810,Joel Hanley,/api/v1/people/8477810,D,Defenseman,Defenseman
25,42,8478028,Fredrik Olofsson,/api/v1/people/8478028,L,Left Wing,Forward
25,24,8478449,Roope Hintz,/api/v1/people/8478449,C,Center,Forward
25,34,8478495,Denis Gurianov,/api/v1/people/8478495,R,Right Wing,Forward
25,27,8478975,Mason Marchment,/api/v1/people/8478975,L,Left Wing,Forward
25,29,8479979,Jake Oettinger,/api/v1/people/8479979,G,Goalie,Goalie
25,21,8480027,Jason Robertson,/api/v1/people/8480027,L,Left Wing,Forward
25,4,8480036,Miro Heiskanen,/api/v1/people/8480036,D,Defenseman,Defenseman
25,10,8480848,Ty Dellandrea,/api/v1/people/8480848,C,Center,Forward
25,5,8480878,Nils Lundkvist,/api/v1/people/8480878,D,Defenseman,Defenseman
25,25,8481641,Joel Kiviranta,/api/v1/people/8481641,L,Left Wing,Forward
25,53,8482740,Wyatt Johnston,/api/v1/people/8482740,C,Center,Forward
26,12,8479675,Trevor Moore,/api/v1/people/8479675,L,Left Wing,Forward
26,34,8481560,Arthur Kaliyev,/api/v1/people/8481560,R,Right Wing,Forward
26,53,8481606,Jordan Spence,/api/v1/people/8481606,D,Defenseman,Defenseman
26,2,8471303,Alexander Edler,/api/v1/people/8471303,D,Defenseman,Defenseman
26,11,8471685,Anze Kopitar,/api/v1/people/8471685,C,Center,Forward
26,32,8471734,Jonathan Quick,/api/v1/people/8471734,G,Goalie,Goalie
26,8,8474563,Drew Doughty,/api/v1/people/8474563,D,Defenseman,Defenseman
26,24,8476479,Phillip Danault,/api/v1/people/8476479,C,Center,Forward
26,29,8477831,Pheonix Copley,/api/v1/people/8477831,G,Goalie,Goalie
26,22,8477942,Kevin Fiala,/api/v1/people/8477942,L,Left Wing,Forward
26,9,8477960,Adrian Kempe,/api/v1/people/8477960,R,Right Wing,Forward
26,48,8477962,Brendan Lemieux,/api/v1/people/8477962,L,Left Wing,Forward
26,33,8478042,Viktor Arvidsson,/api/v1/people/8478042,R,Right Wing,Forward
26,3,8478911,Matt Roy,/api/v1/people/8478911,D,Defenseman,Defenseman
26,91,8479336,Carl Grundstrom,/api/v1/people/8479336,R,Right Wing,Forward
26,28,8479994,Jaret Anderson-Dolan,/api/v1/people/8479994,C,Center,Forward
26,44,8479998,Mikey Anderson,/api/v1/people/8479998,D,Defenseman,Defenseman
26,13,8480014,Gabriel Vilardi,/api/v1/people/8480014,R,Right Wing,Forward
26,19,8480113,Alex Iafallo,/api/v1/people/8480113,L,Left Wing,Forward
26,26,8480336,Sean Walker,/api/v1/people/8480336,D,Defenseman,Defenseman
26,50,8480434,Sean Durzi,/api/v1/people/8480434,D,Defenseman,Defenseman
26,89,8480845,Rasmus Kupari,/api/v1/people/8480845,C,Center,Forward
26,46,8481481,Blake Lizotte,/api/v1/people/8481481,C,Center,Forward
26,55,8482124,Quinton Byfield,/api/v1/people/8482124,C,Center,Forward
28,77,8478906,Markus Nutivaara,/api/v1/people/8478906,D,Defenseman,Defenseman
28,11,8479316,Luke Kunin,/api/v1/people/8479316,C,Center,Forward
28,51,8480160,Radim Simek,/api/v1/people/8480160,D,Defenseman,Defenseman
28,44,8471709,Marc-Edouard Vlasic,/api/v1/people/8471709,D,Defenseman,Defenseman
28,47,8473503,James Reimer,/api/v1/people/8473503,G,Goalie,Goalie
28,13,8474009,Nick Bonino,/api/v1/people/8474009,C,Center,Forward
28,39,8474053,Logan Couture,/api/v1/people/8474053,C,Center,Forward
28,65,8474578,Erik Karlsson,/api/v1/people/8474578,D,Defenseman,Defenseman
28,83,8476442,Matt Nieto,/api/v1/people/8476442,L,Left Wing,Forward
28,4,8476449,Scott Harrington,/api/v1/people/8476449,D,Defenseman,Defenseman
28,48,8476881,Tomas Hertl,/api/v1/people/8476881,C,Center,Forward
28,5,8476988,Matt Benning,/api/v1/people/8476988,D,Defenseman,Defenseman
28,24,8477034,Jaycob Megna,/api/v1/people/8477034,D,Defenseman,Defenseman
28,36,8478039,Kaapo Kahkonen,/api/v1/people/8478039,G,Goalie,Goalie
28,23,8478067,Oskar Lindblom,/api/v1/people/8478067,L,Left Wing,Forward
28,62,8478099,Kevin Labanc,/api/v1/people/8478099,R,Right Wing,Forward
28,28,8478414,Timo Meier,/api/v1/people/8478414,R,Right Wing,Forward
28,10,8478431,Evgeny Svechnikov,/api/v1/people/8478431,L,Left Wing,Forward
28,16,8478904,Steven Lorentz,/api/v1/people/8478904,C,Center,Forward
28,73,8479393,Noah Gregor,/api/v1/people/8479393,C,Center,Forward
28,21,8479591,Michael Eyssimont,/api/v1/people/8479591,C,Center,Forward
28,42,8479981,Jonah Gadjovich,/api/v1/people/8479981,L,Left Wing,Forward
28,38,8479983,Mario Ferraro,/api/v1/people/8479983,D,Defenseman,Defenseman
28,7,8481477,Nico Sturm,/api/v1/people/8481477,C,Center,Forward
28,94,8482222,Alexander Barabanov,/api/v1/people/8482222,L,Left Wing,Forward
28,59,8482824,Nick Cicek,/api/v1/people/8482824,D,Defenseman,Defenseman
29,93,8474161,Jakub Voracek,/api/v1/people/8474161,R,Right Wing,Forward
29,38,8476432,Boone Jenner,/api/v1/people/8476432,C,Center,Forward
29,8,8478460,Zach Werenski,/api/v1/people/8478460,D,Defenseman,Defenseman
29,22,8479402,Jake Bean,/api/v1/people/8479402,D,Defenseman,Defenseman
29,17,8479941,Justin Danforth,/api/v1/people/8479941,R,Right Wing,Forward
29,40,8480193,Daniil Tarasov,/api/v1/people/8480193,G,Goalie,Goalie
29,72,8480292,Carson Meyer,/api/v1/people/8480292,R,Right Wing,Forward
29,50,8480762,Eric Robinson,/api/v1/people/8480762,L,Left Wing,Forward
29,59,8482475,Yegor Chinakhov,/api/v1/people/8482475,R,Right Wing,Forward
29,14,8474679,Gustav Nyquist,/api/v1/people/8474679,L,Left Wing,Forward
29,44,8475790,Erik Gudbranson,/api/v1/people/8475790,D,Defenseman,Defenseman
29,13,8476346,Johnny Gaudreau,/api/v1/people/8476346,L,Left Wing,Forward
29,7,8476374,Sean Kuraly,/api/v1/people/8476374,C,Center,Forward
29,70,8476914,Joonas Korpisalo,/api/v1/people/8476914,G,Goalie,Goalie
29,90,8478007,Elvis Merzlikins,/api/v1/people/8478007,G,Goalie,Goalie
29,96,8478458,Jack Roslovic,/api/v1/people/8478458,C,Center,Forward
29,4,8478882,Vladislav Gavrikov,/api/v1/people/8478882,D,Defenseman,Defenseman
29,29,8479339,Patrik Laine,/api/v1/people/8479339,L,Left Wing,Forward
29,2,8479369,Andrew Peeke,/api/v1/people/8479369,D,Defenseman,Defenseman
29,24,8479671,Mathieu Olivier,/api/v1/people/8479671,R,Right Wing,Forward
29,15,8479945,Gavin Bayreuther,/api/v1/people/8479945,D,Defenseman,Defenseman
29,52,8480205,Emil Bemstrom,/api/v1/people/8480205,R,Right Wing,Forward
29,64,8480441,Trey Fix-Wolansky,/api/v1/people/8480441,R,Right Wing,Forward
29,19,8480853,Liam Foudy,/api/v1/people/8480853,C,Center,Forward
29,27,8480871,Adam Boqvist,/api/v1/people/8480871,D,Defenseman,Defenseman
29,86,8480893,Kirill Marchenko,/api/v1/people/8480893,R,Right Wing,Forward
29,75,8481072,Tim Berni,/api/v1/people/8481072,D,Defenseman,Defenseman
29,91,8482660,Kent Johnson,/api/v1/people/8482660,C,Center,Forward
29,34,8482705,Cole Sillinger,/api/v1/people/8482705,C,Center,Forward
29,73,8482982,Jet Greaves,/api/v1/people/8482982,G,Goalie,Goalie
29,77,8483565,Nick Blankenburg,/api/v1/people/8483565,D,Defenseman,Defenseman
29,47,8483620,Marcus Bjork,/api/v1/people/8483620,D,Defenseman,Defenseman
30,29,8470594,Marc-Andre Fleury,/api/v1/people/8470594,G,Goalie,Goalie
30,33,8471274,Alex Goligoski,/api/v1/people/8471274,D,Defenseman,Defenseman
30,75,8471817,Ryan Reaves,/api/v1/people/8471817,R,Right Wing,Forward
30,46,8474716,Jared Spurgeon,/api/v1/people/8474716,D,Defenseman,Defenseman
30,17,8475220,Marcus Foligno,/api/v1/people/8475220,L,Left Wing,Forward
30,36,8475692,Mats Zuccarello,/api/v1/people/8475692,R,Right Wing,Forward
30,4,8475750,Jon Merrill,/api/v1/people/8475750,D,Defenseman,Defenseman
30,25,8476463,Jonas Brodin,/api/v1/people/8476463,D,Defenseman,Defenseman
30,24,8476856,Matt Dumba,/api/v1/people/8476856,D,Defenseman,Defenseman
30,38,8477451,Ryan Hartman,/api/v1/people/8477451,R,Right Wing,Forward
30,89,8477919,Frederick Gaudreau,/api/v1/people/8477919,C,Center,Forward
30,5,8478136,Jake Middleton,/api/v1/people/8478136,D,Defenseman,Defenseman
30,18,8478413,Jordan Greenway,/api/v1/people/8478413,L,Left Wing,Forward
30,14,8478493,Joel Eriksson Ek,/api/v1/people/8478493,C,Center,Forward
30,97,8478864,Kirill Kaprizov,/api/v1/people/8478864,L,Left Wing,Forward
30,13,8479351,Sam Steel,/api/v1/people/8479351,C,Center,Forward
30,32,8479406,Filip Gustavsson,/api/v1/people/8479406,G,Goalie,Goalie
30,21,8479520,Brandon Duhaime,/api/v1/people/8479520,R,Right Wing,Forward
30,15,8479972,Mason Shaw,/api/v1/people/8479972,C,Center,Forward
30,2,8480884,Calen Addison,/api/v1/people/8480884,D,Defenseman,Defenseman
30,26,8480980,Connor Dewar,/api/v1/people/8480980,C,Center,Forward
30,12,8481557,Matt Boldy,/api/v1/people/8481557,L,Left Wing,Forward
52,22,8478891,Mason Appleton,/api/v1/people/8478891,C,Center,Forward
52,64,8479378,Logan Stanley,/api/v1/people/8479378,D,Defenseman,Defenseman
52,19,8481019,David Gustafsson,/api/v1/people/8481019,C,Center,Forward
52,26,8471218,Blake Wheeler,/api/v1/people/8471218,R,Right Wing,Forward
52,89,8474040,Sam Gagner,/api/v1/people/8474040,C,Center,Forward
52,5,8475455,Brenden Dillon,/api/v1/people/8475455,D,Defenseman,Defenseman
52,2,8476331,Dylan DeMelo,/api/v1/people/8476331,D,Defenseman,Defenseman
52,17,8476392,Adam Lowry,/api/v1/people/8476392,C,Center,Forward
52,55,8476460,Mark Scheifele,/api/v1/people/8476460,C,Center,Forward
52,37,8476945,Connor Hellebuyck,/api/v1/people/8476945,G,Goalie,Goalie
52,88,8477220,Nate Schmidt,/api/v1/people/8477220,D,Defenseman,Defenseman
52,8,8477357,Saku Maenalanen,/api/v1/people/8477357,R,Right Wing,Forward
52,44,8477504,Josh Morrissey,/api/v1/people/8477504,D,Defenseman,Defenseman
52,27,8477940,Nikolaj Ehlers,/api/v1/people/8477940,L,Left Wing,Forward
52,81,8478398,Kyle Connor,/api/v1/people/8478398,L,Left Wing,Forward
52,77,8478476,Kyle Capobianco,/api/v1/people/8478476,D,Defenseman,Defenseman
52,28,8478831,Kevin Stenlund,/api/v1/people/8478831,C,Center,Forward
52,80,8479400,Pierre-Luc Dubois,/api/v1/people/8479400,L,Left Wing,Forward
52,33,8479496,David Rittich,/api/v1/people/8479496,G,Goalie,Goalie
52,71,8479536,Axel Jonsson-Fjallby,/api/v1/people/8479536,L,Left Wing,Forward
52,54,8480049,Dylan Samberg,/api/v1/people/8480049,D,Defenseman,Defenseman
52,4,8480145,Neal Pionk,/api/v1/people/8480145,D,Defenseman,Defenseman
52,36,8480289,Morgan Barron,/api/v1/people/8480289,C,Center,Forward
52,20,8480901,Karson Kuhlman,/api/v1/people/8480901,C,Center,Forward
52,14,8481572,Ville Heinola,/api/v1/people/8481572,D,Defenseman,Defenseman
52,91,8482149,Cole Perfetti,/api/v1/people/8482149,C,Center,Forward
53,44,8475178,Zack Kassian,/api/v1/people/8475178,R,Right Wing,Forward
53,2,8475747,Patrik Nemeth,/api/v1/people/8475747,D,Defenseman,Defenseman
53,17,8475760,Nick Bjugstad,/api/v1/people/8475760,C,Center,Forward
53,72,8476329,Travis Boyd,/api/v1/people/8476329,C,Center,Forward
53,14,8476906,Shayne Gostisbehere,/api/v1/people/8476906,D,Defenseman,Defenseman
53,38,8477070,Liam O'Brien,/api/v1/people/8477070,C,Center,Forward
53,3,8477384,Josh Brown,/api/v1/people/8477384,D,Defenseman,Defenseman
53,12,8477941,Nick Ritchie,/api/v1/people/8477941,L,Left Wing,Forward
53,8,8477951,Nick Schmaltz,/api/v1/people/8477951,C,Center,Forward
53,36,8478432,Christian Fischer,/api/v1/people/8478432,R,Right Wing,Forward
53,67,8478474,Lawson Crouse,/api/v1/people/8478474,L,Left Wing,Forward
53,70,8478872,Karel Vejmelka,/api/v1/people/8478872,G,Goalie,Goalie
53,39,8478971,Connor Ingram,/api/v1/people/8478971,G,Goalie,Goalie
53,9,8479343,Clayton Keller,/api/v1/people/8479343,R,Right Wing,Forward
53,6,8479345,Jakob Chychrun,/api/v1/people/8479345,D,Defenseman,Defenseman
53,51,8479442,Troy Stecher,/api/v1/people/8479442,D,Defenseman,Defenseman
53,4,8479976,Juuso Valimaki,/api/v1/people/8479976,D,Defenseman,Defenseman
53,29,8480849,Barrett Hayton,/api/v1/people/8480849,C,Center,Forward
53,22,8480855,Jack McBain,/api/v1/people/8480855,C,Center,Forward
53,63,8481711,Matias Maccelli,/api/v1/people/8481711,L,Left Wing,Forward
53,90,8482655,J.J. Moser,/api/v1/people/8482655,D,Defenseman,Defenseman
53,11,8482699,Dylan Guenther,/api/v1/people/8482699,R,Right Wing,Forward
54,27,8477447,Shea Theodore,/api/v1/people/8477447,D,Defenseman,Defenseman
54,21,8479353,Brett Howden,/api/v1/people/8479353,C,Center,Forward
54,41,8479974,Nolan Patrick,/api/v1/people/8479974,C,Center,Forward
54,2,8480727,Zach Whitecloud,/api/v1/people/8480727,D,Defenseman,Defenseman
54,16,8481604,Pavel Dorofeyev,/api/v1/people/8481604,L,Left Wing,Forward
54,8,8473548,Phil Kessel,/api/v1/people/8473548,C,Center,Forward
54,23,8474166,Alec Martinez,/api/v1/people/8474166,D,Defenseman,Defenseman
54,7,8474565,Alex Pietrangelo,/api/v1/people/8474565,D,Defenseman,Defenseman
54,3,8475188,Brayden McNabb,/api/v1/people/8475188,D,Defenseman,Defenseman
54,19,8475191,Reilly Smith,/api/v1/people/8475191,R,Right Wing,Forward
54,61,8475913,Mark Stone,/api/v1/people/8475913,R,Right Wing,Forward
54,71,8476448,William Karlsson,/api/v1/people/8476448,C,Center,Forward
54,81,8476539,Jonathan Marchessault,/api/v1/people/8476539,C,Center,Forward
54,20,8476905,Chandler Stephenson,/api/v1/people/8476905,C,Center,Forward
54,17,8477018,Ben Hutton,/api/v1/people/8477018,D,Defenseman,Defenseman
54,28,8477478,William Carrier,/api/v1/people/8477478,L,Left Wing,Forward
54,22,8478020,Michael Amadio,/api/v1/people/8478020,C,Center,Forward
54,9,8478403,Jack Eichel,/api/v1/people/8478403,C,Center,Forward
54,55,8478434,Keegan Kolesar,/api/v1/people/8478434,R,Right Wing,Forward
54,10,8478462,Nicolas Roy,/api/v1/people/8478462,C,Center,Forward
54,33,8478499,Adin Hill,/api/v1/people/8478499,G,Goalie,Goalie
54,14,8479980,Nicolas Hague,/api/v1/people/8479980,D,Defenseman,Defenseman
54,36,8480313,Logan Thompson,/api/v1/people/8480313,G,Goalie,Goalie
54,43,8481032,Paul Cotter,/api/v1/people/8481032,C,Center,Forward
54,6,8481527,Kaedan Korczak,/api/v1/people/8481527,D,Defenseman,Defenseman
54,42,8482624,Daniil Miromanov,/api/v1/people/8482624,D,Defenseman,Defenseman
55,72,8475820,Joonas Donskoi,/api/v1/people/8475820,R,Right Wing,Forward
55,60,8476904,Chris Driedger,/api/v1/people/8476904,G,Goalie,Goalie
55,7,8474586,Jordan Eberle,/api/v1/people/8474586,R,Right Wing,Forward
55,4,8474602,Justin Schultz,/api/v1/people/8474602,D,Defenseman,Defenseman
55,30,8474889,Martin Jones,/api/v1/people/8474889,G,Goalie,Goalie
55,17,8475768,Jaden Schwartz,/api/v1/people/8475768,C,Center,Forward
55,31,8475831,Philipp Grubauer,/api/v1/people/8475831,G,Goalie,Goalie
55,6,8476457,Adam Larsson,/api/v1/people/8476457,D,Defenseman,Defenseman
55,24,8476467,Jamie Oleksiak,/api/v1/people/8476467,D,Defenseman,Defenseman
55,37,8476826,Yanni Gourde,/api/v1/people/8476826,C,Center,Forward
55,28,8477369,Carson Soucy,/api/v1/people/8477369,D,Defenseman,Defenseman
55,22,8477416,Oliver Bjorkstrand,/api/v1/people/8477416,R,Right Wing,Forward
55,95,8477444,Andre Burakovsky,/api/v1/people/8477444,L,Left Wing,Forward
55,21,8477505,Alex Wennberg,/api/v1/people/8477505,C,Center,Forward
55,19,8477955,Jared McCann,/api/v1/people/8477955,L,Left Wing,Forward
55,9,8477987,Ryan Donato,/api/v1/people/8477987,C,Center,Forward
55,29,8478407,Vince Dunn,/api/v1/people/8478407,D,Defenseman,Defenseman
55,91,8478466,Daniel Sprong,/api/v1/people/8478466,R,Right Wing,Forward
55,3,8478840,Will Borgen,/api/v1/people/8478840,D,Defenseman,Defenseman
55,13,8479293,Brandon Tanev,/api/v1/people/8479293,L,Left Wing,Forward
55,8,8479985,Cale Fleury,/api/v1/people/8479985,D,Defenseman,Defenseman
55,67,8479987,Morgan Geekie,/api/v1/people/8479987,C,Center,Forward
55,20,8480009,Eeli Tolvanen,/api/v1/people/8480009,R,Right Wing,Forward
55,10,8482665,Matty Beniers,/api/v1/people/8482665,C,Center,Forward
